X;Y
10000;6.282151648262513E-4
20000;3.1413342796682286E-4
30000;2.0942801834245017E-4
40000;1.5707317009017174E-4
50000;1.256595645777736E-4
60000;1.0471688737556661E-4
70000;8.975769046770665E-5
80000;7.853818084235797E-5
90000;6.981190329646836E-5
100000;6.283079208468934E-5
110000;5.711898985349961E-5
120000;5.2359148549285806E-5
130000;4.8331598535789055E-5
140000;4.487935693919809E-5
150000;4.188744683109036E-5
160000;3.926947034660344E-5
170000;3.695955132787532E-5
180000;3.490622209678662E-5
190000;3.3069090280335445E-5
200000;3.1415625329600516E-5
210000;2.9919700320846232E-5
220000;2.8559756919399604E-5
230000;2.7318013253285756E-5
240000;2.617969985152513E-5
250000;2.5132551303208572E-5
260000;2.4165963409039648E-5
270000;2.3270875963099513E-5
280000;2.2439795235307258E-5
290000;2.1666081530646863E-5
300000;2.0943815597362914E-5
310000;2.0268207005180727E-5
320000;1.9634906118781714E-5
330000;1.9039756977257127E-5
340000;1.847984526559543E-5
350000;1.7951771858371046E-5
360000;1.7453197715511237E-5
370000;1.6981432271911956E-5
380000;1.6534697990344682E-5
390000;1.6110693542792376E-5
400000;1.5707898179506685E-5
410000;1.53247404890422E-5
420000;1.4959920509483027E-5
430000;1.4611939596953505E-5
440000;1.4279789768423257E-5
450000;1.3962600641903578E-5
460000;1.3659076152805483E-5
470000;1.3368427084436973E-5
480000;1.3089804005161909E-5
490000;1.2822784133170728E-5
500000;1.2566343670528113E-5
510000;1.231997144568453E-5
520000;1.2082949253588993E-5
530000;1.185503777634267E-5
540000;1.163559783812218E-5
550000;1.1423890223127842E-5
560000;1.1219943494289453E-5
570000;1.1022985836994792E-5
580000;1.0832912835212483E-5
590000;1.0649458413780621E-5
600000;1.0471907953224502E-5
610000;1.0300325480550043E-5
620000;1.0134106676495946E-5
630000;9.973368583438003E-6
640000;9.81734850302729E-6
650000;9.666265138541519E-6
660000;9.520067705715007E-6
670000;9.377887566053289E-6
680000;9.239951255679557E-6
690000;9.106087929922069E-6
700000;8.975875911865216E-6
710000;8.849584120618204E-6
720000;8.726562525929182E-6
730000;8.606915450570796E-6
740000;8.490800183835745E-6
750000;8.37760806238208E-6
760000;8.267244298920673E-6
770000;8.160048409422416E-6
780000;8.055223525538224E-6
790000;7.95347180382322E-6
800000;7.853956551784336E-6
810000;7.75682383125087E-6
820000;7.662529720064981E-6
830000;7.57024169217857E-6
840000;7.4800778788741695E-6
850000;7.391875445961205E-6
860000;7.306105375803895E-6
870000;7.2220774463005455E-6
880000;7.139802051803201E-6
890000;7.059854775448571E-6
900000;6.981365652691807E-6
910000;6.904709583643864E-6
920000;6.829614851433519E-6
930000;6.756106773586623E-6
940000;6.684022535452527E-6
950000;6.613874633742967E-6
960000;6.544894730176054E-6
970000;6.477291989881451E-6
980000;6.411373857595493E-6
990000;6.346635512244347E-6
1000000;6.2831608795832494E-6
1010000;6.220901723530403E-6
1020000;6.160048093839521E-6
1030000;6.100014286580802E-6
1040000;6.04176146890012E-6
1050000;5.984143214732285E-6
1060000;5.9275083446053145E-6
1070000;5.872016046737372E-6
1080000;5.817489824977429E-6
1090000;5.764382692952097E-6
1100000;5.711891087223364E-6
1110000;5.6605372513729435E-6
1120000;5.609882651747E-6
1130000;5.5601860351472965E-6
1140000;5.511908644173502E-6
1150000;5.463277862105542E-6
1160000;5.416287674364639E-6
1170000;5.370227555978602E-6
1180000;5.324725814936926E-6
1190000;5.279682220304949E-6
1200000;5.235931869407295E-6
1210000;5.192699569889214E-6
1220000;5.149993590691793E-6
1230000;5.108453442481675E-6
1240000;5.067329972519019E-6
1250000;5.0263151951668306E-6
1260000;4.986528074013563E-6
1270000;4.947617204820176E-6
1280000;4.90891769278079E-6
1290000;4.870559473957314E-6
1300000;4.833411933802267E-6
1310000;4.7962322842209915E-6
1320000;4.759959889355514E-6
1330000;4.723939959205836E-6
1340000;4.6891617984101686E-6
1350000;4.653872930582281E-6
1360000;4.6200853791589225E-6
1370000;4.586238873116599E-6
1380000;4.5531554455635614E-6
1390000;4.519982010009471E-6
1400000;4.488019420101352E-6
1410000;4.456094006677347E-6
1420000;4.424940051706017E-6
1430000;4.393819600601034E-6
1440000;4.3634785802382225E-6
1450000;4.332911813342832E-6
1460000;4.303482096013056E-6
1470000;4.274237560331073E-6
1480000;4.245405413882963E-6
1490000;4.2170571017408065E-6
1500000;4.188663841553364E-6
1510000;4.160826700072562E-6
1520000;4.133685998830572E-6
1530000;4.106427691219494E-6
1540000;4.080064978317921E-6
1550000;4.053548573246246E-6
1560000;4.0279049766667185E-6
1570000;4.001788703966724E-6
1580000;3.976536788741214E-6
1590000;3.95131647845659E-6
1600000;3.9269668814512215E-6
1610000;3.902673801015055E-6
1620000;3.8783458737867704E-6
1630000;3.854956367455031E-6
1640000;3.831161357048529E-6
1650000;3.807782205100807E-6
1660000;3.7850717635734554E-6
1670000;3.7622004720461177E-6
1680000;3.7402080605986043E-6
1690000;3.7176174307873566E-6
1700000;3.6960440974453945E-6
1710000;3.6746121887532013E-6
1720000;3.6532996636751136E-6
1730000;3.6319148666308365E-6
1740000;3.6107764378456864E-6
1750000;3.589981232288153E-6
1760000;3.569762064614679E-6
1770000;3.54993848539209E-6
1780000;3.5299721776738124E-6
1790000;3.510212665425172E-6
1800000;3.4904252279588377E-6
1810000;3.47162750191643E-6
1820000;3.452060829189918E-6
1830000;3.4329554541301377E-6
1840000;3.414551301261781E-6
1850000;3.396094871987998E-6
1860000;3.3778864905187334E-6
1870000;3.359464832541903E-6
1880000;3.3420379850213067E-6
1890000;3.3246643225126604E-6
1900000;3.3066485540800272E-6
1910000;3.2896783697111687E-6
1920000;3.2722927318928896E-6
1930000;3.255951896541376E-6
1940000;3.238503358815592E-6
1950000;3.2224077930465E-6
1960000;3.20606833259518E-6
1970000;3.189159970773403E-6
1980000;3.1736294641149243E-6
1990000;3.1568919514057825E-6
2000000;3.1415678440893657E-6
2010000;3.125380199975325E-6
2020000;3.1104163698003617E-6
2030000;3.0948309399647655E-6
2040000;3.080073360806068E-6
2050000;3.0650918132479887E-6
2060000;3.049960838552579E-6
2070000;3.035849774235544E-6
2080000;3.0213680544122212E-6
2090000;3.0061174376427857E-6
2100000;2.9922546884719736E-6
2110000;2.9781183030763714E-6
2120000;2.9637431024909233E-6
2130000;2.949555004683191E-6
2140000;2.9364573475021416E-6
2150000;2.9221041701887884E-6
2160000;2.9084766817177865E-6
2170000;2.8954589588181534E-6
2180000;2.882187608577169E-6
2190000;2.869127080806777E-6
2200000;2.8555310382927246E-6
2210000;2.8427504785710767E-6
2220000;2.8302728045659364E-6
2230000;2.817694641166213E-6
2240000;2.8052822749202733E-6
2250000;2.7927835493102293E-6
2260000;2.780354400044871E-6
2270000;2.767834875960773E-6
2280000;2.755563680345574E-6
2290000;2.743346259492796E-6
2300000;2.731349228568547E-6
2310000;2.720014428803097E-6
2320000;2.7078119906320808E-6
2330000;2.696072159302787E-6
2340000;2.685485131159737E-6
2350000;2.6736288045725587E-6
2360000;2.6627402309742365E-6
2370000;2.6510155830550275E-6
2380000;2.6398355190693223E-6
2390000;2.629194034931004E-6
2400000;2.617863747111926E-6
2410000;2.606914280001149E-6
2420000;2.5967319920994214E-6
2430000;2.5853527834129864E-6
2440000;2.575540202442994E-6
2450000;2.565042150237673E-6
2460000;2.5537389536367527E-6
2470000;2.5441511937174255E-6
2480000;2.5336298250522304E-6
2490000;2.5231455813568004E-6
2500000;2.513549374860702E-6
2510000;2.5030606183307214E-6
2520000;2.493664915448335E-6
2530000;2.4834636951354128E-6
2540000;2.4736928123658686E-6
2550000;2.4637041349251376E-6
2560000;2.454585855460323E-6
2570000;2.4443839885535112E-6
2580000;2.435312184800864E-6
2590000;2.4253617860736654E-6
2600000;2.4167997256796525E-6
2610000;2.407179881203092E-6
2620000;2.3980591139505236E-6
2630000;2.3898307963676757E-6
2640000;2.3798250738948923E-6
2650000;2.3709886480816067E-6
2660000;2.3622277423029914E-6
2670000;2.3533586768209602E-6
2680000;2.3444466910049755E-6
2690000;2.335097907035788E-6
2700000;2.3269540108117326E-6
2710000;2.319045313114998E-6
2720000;2.3099221539979453E-6
2730000;2.3017167150030104E-6
2740000;2.2934025247778322E-6
2750000;2.285028320336835E-6
2760000;2.2763773017686617E-6
2770000;2.2682652058847452E-6
2780000;2.260436483325634E-6
2790000;2.2520692359861982E-6
2800000;2.2441757581148636E-6
2810000;2.236167652824861E-6
2820000;2.2284940675021403E-6
2830000;2.219820331106348E-6
2840000;2.212362105957766E-6
2850000;2.2048031107502197E-6
2860000;2.197364270983826E-6
2870000;2.189604144220425E-6
2880000;2.1811174342190043E-6
2890000;2.174578053626419E-6
2900000;2.166290282268335E-6
2910000;2.159126176515258E-6
2920000;2.1522953197461447E-6
2930000;2.14437179568705E-6
2940000;2.137095648002685E-6
2950000;2.130344046946675E-6
2960000;2.1222264150466685E-6
2970000;2.1155344205325832E-6
2980000;2.1086327155472873E-6
2990000;2.102216195787321E-6
3000000;2.094581376788085E-6
3010000;2.08720494576653E-6
3020000;2.080888746647247E-6
3030000;2.0732871197637337E-6
3040000;2.0665706665923267E-6
3050000;2.059717582270082E-6
3060000;2.0535402418531135E-6
3070000;2.0475012210141585E-6
3080000;2.0400731584047094E-6
3090000;2.0334145540701343E-6
3100000;2.0266728419926494E-6
3110000;2.020719529483017E-6
3120000;2.0137166405476137E-6
3130000;2.007691077388074E-6
3140000;2.000553212866407E-6
3150000;1.995110586960891E-6
3160000;1.9885304469724474E-6
3170000;1.9821658012730836E-6
3180000;1.9760427445447704E-6
3190000;1.9693812456367255E-6
3200000;1.962953977141524E-6
3210000;1.9572818112933987E-6
3220000;1.951370456332313E-6
3230000;1.945402950731534E-6
3240000;1.9385084941703212E-6
3250000;1.933058425329648E-6
3260000;1.926610366353998E-6
3270000;1.9224060316958003E-6
3280000;1.9162731890176588E-6
3290000;1.909849064674063E-6
3300000;1.9046210164574973E-6
3310000;1.8977326119440363E-6
3320000;1.893094037974663E-6
3330000;1.886117818372668E-6
3340000;1.880949501931184E-6
3350000;1.8754758839278907E-6
3360000;1.8692622969496142E-6
3370000;1.8648379409569316E-6
3380000;1.858627149076142E-6
3390000;1.8533114456431576E-6
3400000;1.8480299379675103E-6
3410000;1.8430644148637043E-6
3420000;1.8371675443162871E-6
3430000;1.8317942851453495E-6
3440000;1.8261796403962194E-6
3450000;1.8207167675754476E-6
3460000;1.8160120500709809E-6
3470000;1.8103705929917169E-6
3480000;1.8055143238271398E-6
3490000;1.800416539410321E-6
3500000;1.7947472619184168E-6
3510000;1.7900654505353941E-6
3520000;1.7851400553325902E-6
3530000;1.7804642853391783E-6
3540000;1.7742713076529526E-6
3550000;1.769976352150593E-6
3560000;1.7650359547261019E-6
3570000;1.7599637587295547E-6
3580000;1.7555851137274203E-6
3590000;1.7506334941685964E-6
3600000;1.7448399036723572E-6
3610000;1.7405218155630564E-6
3620000;1.7350253438408458E-6
3630000;1.730888857132129E-6
3640000;1.7263845935033828E-6
3650000;1.7225106763163467E-6
3660000;1.7165539381025496E-6
3670000;1.712593366676174E-6
3680000;1.7068996225333422E-6
3690000;1.702310820306252E-6
3700000;1.6982802906184702E-6
3710000;1.6940749922866871E-6
3720000;1.6888418334914945E-6
3730000;1.68493375518608E-6
3740000;1.6797486113162563E-6
3750000;1.6760067866883332E-6
3760000;1.6713822086344976E-6
3770000;1.6668770275174438E-6
3780000;1.6626971683919578E-6
3790000;1.6569780685316005E-6
3800000;1.6527353592366012E-6
3810000;1.6497681647464901E-6
3820000;1.6454829721013198E-6
3830000;1.639835439881665E-6
3840000;1.6371424047534333E-6
3850000;1.6316138138350311E-6
3860000;1.6281109491700363E-6
3870000;1.6245415466187296E-6
3880000;1.6197727870093104E-6
3890000;1.6146436498942762E-6
3900000;1.611364217168898E-6
3910000;1.6062901861957357E-6
3920000;1.6034099932227264E-6
3930000;1.597583116463852E-6
3940000;1.5947268128257974E-6
3950000;1.5914983961806684E-6
3960000;1.5866862783653346E-6
3970000;1.5826324704093508E-6
3980000;1.5784572955368503E-6
3990000;1.5751709367961553E-6
4000000;1.5707718921120772E-6
4010000;1.5665626662553223E-6
4020000;1.5633505032752737E-6
4030000;1.5592467841329949E-6
4040000;1.555827499721829E-6
4050000;1.5509046829009776E-6
4060000;1.5479755903768933E-6
4070000;1.544214118354148E-6
4080000;1.540082577022872E-6
4090000;1.5357319993469787E-6
4100000;1.5325934334953217E-6
4110000;1.5296895323757553E-6
4120000;1.5249196287925315E-6
4130000;1.5211893265032472E-6
4140000;1.5178069086019264E-6
4150000;1.5143528351302393E-6
4160000;1.5099774186566606E-6
4170000;1.5058353577401817E-6
4180000;1.5028801794159108E-6
4190000;1.4996117503329742E-6
4200000;1.4962664485196342E-6
4210000;1.4929617577763565E-6
4220000;1.4891371975522816E-6
4230000;1.4841410447274939E-6
4240000;1.4818583116138484E-6
4250000;1.4787466087184953E-6
4260000;1.4753963997193864E-6
4270000;1.472294261617435E-6
4280000;1.4683466433851322E-6
4290000;1.4645956563086315E-6
4300000;1.4605930722666471E-6
4310000;1.4582303142773867E-6
4320000;1.4539533985669095E-6
4330000;1.4514191404302323E-6
4340000;1.4484236299239228E-6
4350000;1.4439321711634534E-6
4360000;1.440386479423239E-6
4370000;1.438337710268911E-6
4380000;1.4339332832236096E-6
4390000;1.4304804905052038E-6
4400000;1.4272211146248992E-6
4410000;1.4250266753279561E-6
4420000;1.4216171972947222E-6
4430000;1.4181400116441978E-6
4440000;1.415142031113703E-6
4450000;1.4125729315139779E-6
4460000;1.408540311054196E-6
4470000;1.405838901291645E-6
4480000;1.401816209778417E-6
4490000;1.3992304506160735E-6
4500000;1.3968232464023345E-6
4510000;1.3929955073876954E-6
4520000;1.3907505307386714E-6
4530000;1.3874787967438351E-6
4540000;1.383869282278738E-6
4550000;1.3811857142442818E-6
4560000;1.3781414098801292E-6
4570000;1.3752187077997746E-6
4580000;1.3722906038182714E-6
4590000;1.368423387937412E-6
4600000;1.3661287807664735E-6
4610000;1.3631114850198855E-6
4620000;1.3602255117817208E-6
4630000;1.3565268854875967E-6
4640000;1.3538583418792882E-6
4650000;1.3510349035072977E-6
4660000;1.3489664461019402E-6
4670000;1.345609377700896E-6
4680000;1.3418362740935663E-6
4690000;1.339177306824979E-6
4700000;1.3360211266189026E-6
4710000;1.333415696969098E-6
4720000;1.3303790282748196E-6
4730000;1.3279024946299955E-6
4740000;1.325775476956892E-6
4750000;1.3229555904104018E-6
4760000;1.320291352691072E-6
4770000;1.3169861547979167E-6
4780000;1.3141317118936513E-6
4790000;1.3112412480253965E-6
4800000;1.3092824202587394E-6
4810000;1.3057478813749412E-6
4820000;1.3038452548741475E-6
4830000;1.300606086829248E-6
4840000;1.29742987109438E-6
4850000;1.2952319252690359E-6
4860000;1.2936731792478895E-6
4870000;1.2896559491437642E-6
4880000;1.2879210817828834E-6
4890000;1.2852385919970288E-6
4900000;1.2816983501195978E-6
4910000;1.279210294136135E-6
4920000;1.2774089821476764E-6
4930000;1.2753471940740724E-6
4940000;1.2706936125539414E-6
4950000;1.2699086635592494E-6
4960000;1.2665364836905724E-6
4970000;1.2645477074357814E-6
4980000;1.2613914082137967E-6
4990000;1.2591632447822576E-6
5000000;1.2560265583161367E-6
5010000;1.2553411332660858E-6
5020000;1.2522389152280766E-6
5030000;1.2496792747285212E-6
5040000;1.2475003874357071E-6
5050000;1.2439652339324425E-6
5060000;1.2418151422721735E-6
5070000;1.2389611283580848E-6
5080000;1.2355734630986603E-6
5090000;1.233149753865348E-6
5100000;1.2308612982181444E-6
5110000;1.2286889470303208E-6
5120000;1.2274224081565421E-6
5130000;1.2252066206031031E-6
5140000;1.2214300380009036E-6
5150000;1.219108531458346E-6
5160000;1.216694995420653E-6
5170000;1.2155203652497448E-6
5180000;1.213768159757933E-6
5190000;1.2106857747440358E-6
5200000;1.2086115432907718E-6
5210000;1.205876323240318E-6
5220000;1.2032335883205292E-6
5230000;1.2006744656289925E-6
5240000;1.1998296969295552E-6
5250000;1.1958190606620178E-6
5260000;1.194082440925115E-6
5270000;1.1923115810219542E-6
5280000;1.1897111376057978E-6
5290000;1.1893613249824853E-6
5300000;1.1854897703500455E-6
5310000;1.18256181380616E-6
5320000;1.1806068833664085E-6
5330000;1.1794301038037247E-6
5340000;1.176737775665515E-6
5350000;1.1734537670449185E-6
5360000;1.1717370158592644E-6
5370000;1.1696852553200188E-6
5380000;1.1668314758850329E-6
5390000;1.1646038240442635E-6
5400000;1.1633600429661328E-6
5410000;1.1614206520960124E-6
5420000;1.1607627978804658E-6
5430000;1.1575868645863352E-6
5440000;1.1542301789901899E-6
5450000;1.1529779309071841E-6
5460000;1.1510238904222092E-6
5470000;1.1494095675246285E-6
5480000;1.145399912694245E-6
5490000;1.1451675385742988E-6
5500000;1.1414096023898423E-6
5510000;1.1401184094594896E-6
5520000;1.1378207540602148E-6
5530000;1.1358100229230672E-6
5540000;1.1337084462326175E-6
5550000;1.1327323283794044E-6
5560000;1.1312893750670128E-6
5570000;1.1280571383665006E-6
5580000;1.1264845891645336E-6
5590000;1.123142640224728E-6
5600000;1.1232062444577195E-6
5610000;1.1204721559465725E-6
5620000;1.118632451557744E-6
5630000;1.1167200550943335E-6
5640000;1.1148346930056618E-6
5650000;1.1112647726463365E-6
5660000;1.1094110794473977E-6
5670000;1.1083490427665765E-6
5680000;1.1063633129637651E-6
5690000;1.1028839157489756E-6
5700000;1.103423167947426E-6
5710000;1.1002906328272388E-6
5720000;1.0993086974053767E-6
5730000;1.0961923644359217E-6
5740000;1.0959915952568622E-6
5750000;1.0911480403663631E-6
5760000;1.09020129990256E-6
5770000;1.090079106980113E-6
5780000;1.0866521691355047E-6
5790000;1.0864496466922446E-6
5800000;1.082933655638385E-6
5810000;1.0807343775454115E-6
5820000;1.0791144813282472E-6
5830000;1.0784377355577135E-6
5840000;1.0764557885067916E-6
5850000;1.074763912534138E-6
5860000;1.0712014457681107E-6
5870000;1.0696809678023556E-6
5880000;1.0694789462917242E-6
5890000;1.0663610048311511E-6
5900000;1.0642946524086483E-6
5910000;1.0641482441897665E-6
5920000;1.0612998151415809E-6
5930000;1.0590333436866217E-6
5940000;1.0587175802712068E-6
5950000;1.0555559954994465E-6
5960000;1.0544386475075385E-6
5970000;1.0511208730079602E-6
5980000;1.0510661416773814E-6
5990000;1.0491559701009123E-6
6000000;1.0462092934204748E-6
6010000;1.045676050637212E-6
6020000;1.043145750223573E-6
6030000;1.0407437853743318E-6
6040000;1.0399226439972153E-6
6050000;1.0395980627464496E-6
6060000;1.0380895396622236E-6
6070000;1.036048817404378E-6
6080000;1.033134149786008E-6
6090000;1.0310764810839146E-6
6100000;1.03052410782567E-6
6110000;1.0264544645366414E-6
6120000;1.0262939262872806E-6
6130000;1.0266648482470941E-6
6140000;1.0237217482611527E-6
6150000;1.020448332944568E-6
6160000;1.0189633421475719E-6
6170000;1.0195498099108136E-6
6180000;1.0182612912856825E-6
6190000;1.0159928773845195E-6
6200000;1.0132610537283426E-6
6210000;1.0120836337890182E-6
6220000;1.00934473490355E-6
6230000;1.0088315747225352E-6
6240000;1.0082304591207958E-6
6250000;1.00397815394615E-6
6260000;1.0030048454012785E-6
6270000;1.0018151517243723E-6
6280000;1.0011709239421407E-6
6290000;9.98909164273698E-7
6300000;9.962446760880539E-7
6310000;9.960581728307716E-7
6320000;9.954105220089104E-7
6330000;9.933867097799975E-7
6340000;9.911359999392744E-7
6350000;9.90427306390984E-7
6360000;9.89745239543538E-7
6370000;9.859292671166031E-7
6380000;9.852262667919831E-7
6390000;9.847597768342098E-7
6400000;9.81786672404894E-7
6410000;9.798100295554946E-7
6420000;9.788991377490674E-7
6430000;9.785901253778206E-7
6440000;9.75725890306478E-7
6450000;9.737956503386158E-7
6460000;9.74425226729636E-7
6470000;9.708726365076359E-7
6480000;9.704078660632831E-7
6490000;9.679469830103926E-7
6500000;9.674737748710527E-7
6510000;9.6614801137207E-7
6520000;9.639413542927855E-7
6530000;9.609400057897233E-7
6540000;9.611812812337917E-7
6550000;9.591566199063095E-7
6560000;9.568234924373087E-7
6570000;9.560660112484243E-7
6580000;9.566019611995102E-7
6590000;9.541351522202035E-7
6600000;9.515821384198375E-7
6610000;9.505126401521125E-7
6620000;9.495622519395397E-7
6630000;9.475742679398991E-7
6640000;9.456875380564611E-7
6650000;9.46224539610796E-7
6660000;9.449002522643468E-7
6670000;9.422914031276264E-7
6680000;9.417667694577858E-7
6690000;9.377864680359949E-7
6700000;9.379110839091709E-7
6710000;9.35554944625494E-7
6720000;9.346622977801644E-7
6730000;9.356549774963696E-7
6740000;9.325828216333321E-7
6750000;9.318135276714656E-7
6760000;9.280412989198794E-7
6770000;9.286579443212872E-7
6780000;9.254604886876905E-7
6790000;9.252541515181179E-7
6800000;9.232968194439195E-7
6810000;9.225465813500477E-7
6820000;9.195030283848382E-7
6830000;9.210465528042278E-7
6840000;9.198505246388322E-7
6850000;9.171707135990914E-7
6860000;9.158746197002188E-7
6870000;9.138317755841285E-7
6880000;9.13364049281995E-7
6890000;9.123423811985276E-7
6900000;9.109426759579264E-7
6910000;9.083406276033656E-7
6920000;9.069200794797894E-7
6930000;9.081751297657092E-7
6940000;9.068681672275147E-7
6950000;9.02689233583942E-7
6960000;9.026029674785718E-7
6970000;9.006515186982256E-7
6980000;9.010467554304569E-7
6990000;8.974829590613354E-7
7000000;8.983375057169951E-7
7010000;8.967865454678758E-7
7020000;8.93891514586187E-7
7030000;8.931914319276757E-7
7040000;8.923475860456165E-7
7050000;8.911652900067679E-7
7060000;8.909919717581261E-7
7070000;8.88117742903205E-7
7080000;8.868003531503632E-7
7090000;8.867379630572714E-7
7100000;8.842516798779343E-7
7110000;8.839105536395664E-7
7120000;8.825846302684681E-7
7130000;8.820026451417107E-7
7140000;8.793349781655024E-7
7150000;8.779180147300281E-7
7160000;8.768780856982517E-7
7170000;8.766692705108881E-7
7180000;8.753750053713816E-7
7190000;8.737138115222365E-7
7200000;8.720507613801942E-7
7210000;8.723021407419651E-7
7220000;8.702743663491219E-7
7230000;8.69939201564307E-7
7240000;8.68216305072167E-7
7250000;8.651670668768929E-7
7260000;8.666078654684384E-7
7270000;8.635748143248634E-7
7280000;8.63309841392379E-7
7290000;8.605788055504604E-7
7300000;8.623412810493392E-7
7310000;8.607534445204124E-7
7320000;8.595531495458886E-7
7330000;8.579467420943843E-7
7340000;8.558340027775557E-7
7350000;8.556952213467639E-7
7360000;8.54533955596537E-7
7370000;8.528762869275397E-7
7380000;8.516746836662037E-7
7390000;8.503034791829123E-7
7400000;8.473443200429642E-7
7410000;8.491234302354655E-7
7420000;8.476710160465473E-7
7430000;8.44662804588836E-7
7440000;8.455200903867421E-7
7450000;8.45335769383837E-7
7460000;8.425288084978888E-7
7470000;8.42945095058667E-7
7480000;8.390859624896052E-7
7490000;8.39710262212634E-7
7500000;8.364904564572839E-7
7510000;8.381848450866869E-7
7520000;8.350689180147697E-7
7530000;8.341075519169294E-7
7540000;8.343688389089721E-7
7550000;8.327223035564657E-7
7560000;8.301967726609405E-7
7570000;8.283409727027902E-7
7580000;8.312356953865674E-7
7590000;8.291306503593887E-7
7600000;8.275321734529939E-7
7610000;8.250865803915985E-7
7620000;8.257418855350807E-7
7630000;8.229196080122847E-7
7640000;8.225958234575614E-7
7650000;8.210270951991561E-7
7660000;8.209498467692811E-7
7670000;8.189730991148281E-7
7680000;8.199589824897657E-7
7690000;8.160370725818211E-7
7700000;8.142302156954884E-7
7710000;8.13906443575263E-7
7720000;8.156228608058314E-7
7730000;8.113286744659831E-7
7740000;8.121792287596463E-7
7750000;8.107918700872574E-7
7760000;8.082316895752228E-7
7770000;8.08085181880358E-7
7780000;8.078007773804075E-7
7790000;8.049532453924257E-7
7800000;8.058461142823603E-7
7810000;8.044831076858827E-7
7820000;8.051948920950736E-7
7830000;8.018461636893903E-7
7840000;8.01052872034802E-7
7850000;8.019274906345686E-7
7860000;7.98742260776919E-7
7870000;7.960242065507828E-7
7880000;7.984681760220269E-7
7890000;7.95744609760618E-7
7900000;7.945787974250607E-7
7910000;7.940775210713014E-7
7920000;7.953343086342102E-7
7930000;7.933201304766158E-7
7940000;7.925807610220659E-7
7950000;7.908729138250692E-7
7960000;7.897996363581683E-7
7970000;7.887382338367388E-7
7980000;7.879369885444021E-7
7990000;7.860004451742952E-7
8000000;7.853730368267975E-7
8010000;7.839680415955286E-7
8020000;7.84574234025115E-7
8030000;7.835093587260644E-7
8040000;7.833467323692389E-7
8050000;7.790731793022587E-7
8060000;7.778084141207842E-7
8070000;7.793852550008751E-7
8080000;7.776438621931447E-7
8090000;7.75106523853708E-7
8100000;7.74750583687478E-7
8110000;7.76478529473934E-7
8120000;7.726292086118747E-7
8130000;7.734328546504798E-7
8140000;7.724733501746073E-7
8150000;7.700032664814671E-7
8160000;7.701127886505788E-7
8170000;7.687372161058192E-7
8180000;7.676548392510085E-7
8190000;7.656713298942464E-7
8200000;7.663889931563972E-7
8210000;7.65449360784487E-7
8220000;7.64575903033915E-7
8230000;7.630072627051732E-7
8240000;7.6229317524934E-7
8250000;7.623170636961163E-7
8260000;7.597485938148907E-7
8270000;7.581793264321846E-7
8280000;7.588038464234614E-7
8290000;7.574861635717411E-7
8300000;7.559538346413319E-7
8310000;7.547790348283456E-7
8320000;7.569961653075552E-7
8330000;7.554372398743681E-7
8340000;7.530546541900662E-7
8350000;7.522149640948328E-7
8360000;7.512972199918977E-7
8370000;7.497079357321468E-7
8380000;7.49827521850932E-7
8390000;7.48166698372188E-7
8400000;7.482417245796569E-7
8410000;7.462442903616306E-7
8420000;7.451924162182877E-7
8430000;7.435571411917863E-7
8440000;7.434338611389535E-7
8450000;7.442792275824672E-7
8460000;7.435464279836879E-7
8470000;7.433414168644958E-7
8480000;7.409190407869914E-7
8490000;7.38831336555279E-7
8500000;7.395050163339079E-7
8510000;7.381743856171852E-7
8520000;7.381979152398799E-7
8530000;7.364690377542615E-7
8540000;7.350172523956644E-7
8550000;7.344667034558938E-7
8560000;7.345217367671353E-7
8570000;7.315797478923969E-7
8580000;7.336744536345918E-7
8590000;7.288040526631789E-7
8600000;7.298409094858016E-7
8610000;7.302327134084408E-7
8620000;7.278779143859992E-7
8630000;7.289932719700687E-7
8640000;7.252141900337961E-7
8650000;7.264427583919542E-7
8660000;7.244393263050597E-7
8670000;7.267720514292364E-7
8680000;7.226850158303932E-7
8690000;7.247252291620043E-7
8700000;7.216135520238254E-7
8710000;7.208228911537162E-7
8720000;7.204541185856783E-7
8730000;7.183270023247701E-7
8740000;7.168916704713979E-7
8750000;7.193635429558753E-7
8760000;7.161536581534733E-7
8770000;7.139790332288953E-7
8780000;7.174932683540192E-7
8790000;7.14742776963817E-7
8800000;7.145507812111873E-7
8810000;7.120393874515685E-7
8820000;7.103922019524589E-7
8830000;7.135791877388442E-7
8840000;7.107153585650394E-7
8850000;7.111525315295353E-7
8860000;7.096807266293581E-7
8870000;7.070284580024122E-7
8880000;7.061430835619831E-7
8890000;7.062694340476128E-7
8900000;7.041541998376033E-7
8910000;7.025791024517503E-7
8920000;7.032217714808553E-7
8930000;7.024505146446813E-7
8940000;7.028649156026745E-7
8950000;7.018355017152089E-7
8960000;6.99657624281258E-7
8970000;7.002902409070089E-7
8980000;6.980821529722903E-7
8990000;6.984696270251334E-7
9000000;6.988430696353021E-7
9010000;6.985801705994277E-7
9020000;6.978571986948623E-7
9030000;6.976688640136786E-7
9040000;6.947836928006268E-7
9050000;6.927673128487299E-7
9060000;6.939309411535532E-7
9070000;6.936841208116107E-7
9080000;6.921244253277337E-7
9090000;6.904034828281169E-7
9100000;6.907578793402536E-7
9110000;6.916109116517077E-7
9120000;6.886469501310444E-7
9130000;6.885277867851869E-7
9140000;6.878229132922797E-7
9150000;6.867482875705377E-7
9160000;6.868787369995744E-7
9170000;6.86694844986846E-7
9180000;6.833150703045021E-7
9190000;6.852087288677922E-7
9200000;6.822762985692066E-7
9210000;6.811120076832822E-7
9220000;6.824555427442647E-7
9230000;6.796265585862216E-7
9240000;6.827542087251004E-7
9250000;6.798166989341325E-7
9260000;6.803607179861615E-7
9270000;6.787290187659778E-7
9280000;6.748809591172744E-7
9290000;6.765522222451636E-7
9300000;6.754157730881616E-7
9310000;6.745326004420349E-7
9320000;6.732293655886679E-7
9330000;6.753683940985411E-7
9340000;6.738567570607756E-7
9350000;6.710731561554439E-7
9360000;6.732575554835307E-7
9370000;6.721257621578047E-7
9380000;6.68677138548901E-7
9390000;6.720257239578586E-7
9400000;6.682622002429639E-7
9410000;6.683966962128807E-7
9420000;6.663666383133204E-7
9430000;6.665899041635726E-7
9440000;6.649421644411291E-7
9450000;6.63228691522022E-7
9460000;6.630522140227413E-7
9470000;6.626448190161227E-7
9480000;6.629976301297802E-7
9490000;6.635442639790767E-7
9500000;6.600646251797571E-7
9510000;6.614329786103212E-7
9520000;6.601358055746687E-7
9530000;6.589502321574514E-7
9540000;6.566189236778541E-7
9550000;6.593136854249337E-7
9560000;6.591487924367812E-7
9570000;6.58486459137464E-7
9580000;6.57650164548329E-7
9590000;6.552699751694036E-7
9600000;6.554914637746379E-7
9610000;6.547660342803852E-7
9620000;6.546521271744155E-7
9630000;6.529601526139572E-7
9640000;6.536708179183393E-7
9650000;6.525255962230858E-7
9660000;6.523326190333023E-7
9670000;6.511572898659779E-7
9680000;6.497270028660296E-7
9690000;6.463360717745559E-7
9700000;6.474701041980779E-7
9710000;6.473408697971195E-7
9720000;6.470800704150292E-7
9730000;6.46376087765077E-7
9740000;6.458402950215714E-7
9750000;6.470239650724352E-7
9760000;6.451674767760096E-7
9770000;6.426216634380921E-7
9780000;6.411964426078498E-7
9790000;6.409905290993834E-7
9800000;6.407445338751927E-7
9810000;6.413607707145275E-7
9820000;6.396926508500655E-7
9830000;6.405085306582237E-7
9840000;6.39608307650974E-7
9850000;6.371192888821042E-7
9860000;6.379250709898088E-7
9870000;6.376302348343188E-7
9880000;6.373093910383432E-7
9890000;6.348187868709942E-7
9900000;6.353637651557165E-7
9910000;6.348005898715314E-7
9920000;6.314614129365737E-7
9930000;6.342412177673395E-7
9940000;6.333732986973928E-7
9950000;6.295031882430635E-7
9960000;6.321908712081381E-7
9970000;6.285972133923678E-7
9980000;6.290506187056621E-7
9990000;6.280809454750624E-7
10000000;6.2718285409602E-7
